{
  "lambda": {
    "FunctionName": "greengrass-ml-unet-enet-brain-segmentation-raspi-python",
    "Handler": "greengrassBrainSegmentationApp.function_handler",
    "Runtime": "python2.7",
    "Description": "Deploy this lambda to a Greengrass core where it will run a flask app and serve inference, sending the resulting predictions back to requester"
  },
  "version": "1.0.0",
  "tags": [
    "python",
    "raspi",
    "raspberrypi",
    "machine learning",
    "ml",
    "ml@edge",
    "greengrass",
    "iot",
    "iot edge",
    "semantic segmentation"
  ],
  "authors": [
    "AWS/ml-solutions-lab/brad-kenstler"
  ]
}

